testvideo.mp4,2025-08-09 14:11:36
The-Weekend.mp4,2025-08-09 14:15:09
testvideo.mp4,2025-08-09 19:31:43
The-Weekend.mp4,2025-08-09 19:34:32
testvideo.mp4,2025-08-10 11:40:21
The-Weekend.mp4,2025-08-10 11:44:46
testvideo.mp4,2025-08-10 16:04:48
The-Weekend.mp4,2025-08-10 16:07:52
testvideo.mp4,2025-08-11 14:04:50
The-Weekend.mp4,2025-08-11 14:08:45
testvideo.mp4,2025-08-11 14:45:41
The-Weekend.mp4,2025-08-11 14:49:37
testvideo.mp4,2025-08-11 16:33:24
The-Weekend.mp4,2025-08-11 16:37:22
testvideo.mp4,2025-08-12 00:16:53
The-Weekend.mp4,2025-08-12 00:21:34
testvideo.mp4,2025-08-12 01:10:24
The-Weekend.mp4,2025-08-12 01:14:34
testvideo.mp4,2025-08-12 02:38:48
The-Weekend.mp4,2025-08-12 02:45:50
testvideo.mp4,2025-08-12 03:51:37
The-Weekend.mp4,2025-08-12 03:55:55
testvideo.mp4,2025-08-12 05:09:35
The-Weekend.mp4,2025-08-12 05:14:01
testvideo.mp4,2025-08-12 18:07:50
The-Weekend.mp4,2025-08-12 18:11:52
testvideo.mp4,2025-08-12 18:36:14
The-Weekend.mp4,2025-08-12 18:40:20
testvideo.mp4,2025-08-13 00:18:28
testvideo.mp4,2025-08-13 00:18:31
The-Weekend.mp4,2025-08-13 00:24:42
The-Weekend.mp4,2025-08-13 00:24:42
testvideo.mp4,2025-08-14 00:33:22
The-Weekend.mp4,2025-08-14 00:36:58
testvideo.mp4,2025-08-14 02:12:54
The-Weekend.mp4,2025-08-14 02:17:26
testvideo.mp4,2025-08-14 02:26:10
The-Weekend.mp4,2025-08-14 02:30:42
